"","int_samps","forest_samps","cattle_samps","for_cattle_samps"
"1",-0.108964117698173,0.201344235755348,0.198398954655611,0.066584458359307
"2",-0.142909818722605,0.158149808075488,0.182989901785317,0.054733380546747
"3",-0.0874609057605891,0.141949952535562,0.166818090260895,0.0429122868558383
"4",-0.0794939458348411,0.199368561207488,0.219817011143089,0.0395996320393454
"5",-0.129863622324035,0.181501537157922,0.135781768552028,0.0509533228690602
"6",-0.101711217237038,0.207862739177331,0.147875304810074,0.0531275443221586
"7",-0.0845695285103995,0.185685097335978,0.214152280146565,0.0722732534899218
"8",-0.118656788042546,0.194392684845388,0.170598393517897,0.0251658275488713
"9",-0.107068894660038,0.189431529427502,0.183900543888801,0.00415287703049399
"10",-0.132014287844183,0.149248849887717,0.167638976090901,0.0494699670241176
"11",-0.117636156438176,0.190028194788691,0.171602968846468,0.0653914872302866
"12",-0.140888809258949,0.202715142899473,0.204201774746438,0.0623893488473994
"13",-0.10808399215456,0.186793306586397,0.173697108307095,0.04825443117751
"14",-0.103852706267736,0.176457171926957,0.194467927042759,-0.0202901358208903
"15",-0.135702390044572,0.152698547155457,0.174807726538468,0.0638649457866652
"16",-0.116506120438161,0.163242606204548,0.183225741025229,0.0440267734041725
"17",-0.104401203377541,0.180107477101578,0.149393565254704,0.0944906285916204
"18",-0.101961586316591,0.150258064554218,0.173693034151989,0.0516458024660095
"19",-0.113575731205738,0.183909027010489,0.142446144629862,0.0701958388466044
"20",-0.109521284048353,0.209219965545181,0.163026639102745,0.0522322778603998
"21",-0.0516196738834521,0.186009902555013,0.186956939105468,0.0631364827897655
"22",-0.115059452436827,0.192707914354078,0.181080045953992,0.0473188773674261
"23",-0.153278415330228,0.14342719889598,0.151947168484259,0.0549185355616677
"24",-0.108104693757827,0.18595679329677,0.195379253373267,0.0441517716612712
"25",-0.0748299642744066,0.201493647609521,0.195805202440262,0.0244369697202815
"26",-0.115625342405017,0.195759857876741,0.167200637060023,0.0514202075049333
"27",-0.0868808761630192,0.209163543292459,0.156835069394721,0.0595972353715026
"28",-0.0814918867193228,0.170634615450181,0.220926067297558,0.0456788661750388
"29",-0.0864733586770003,0.227209602588839,0.168359197666452,0.104251971440575
"30",-0.0799922975559978,0.186256319754588,0.216302143742221,0.0823290488937958
"31",-0.100233338683221,0.199927298526771,0.116994811102852,0.0390030199962799
"32",-0.144372636612927,0.175636772504486,0.187159102701049,0.0886219705595863
"33",-0.109909918721469,0.172160904146871,0.157301919518656,0.0507142567735433
"34",-0.104504390203695,0.217957958845421,0.129511554059927,0.0635288607685753
"35",-0.121862968065644,0.208949463921348,0.15577946428313,0.0503346341783837
"36",-0.11229497809458,0.258750605135769,0.190266103588274,0.0824006819715242
"37",-0.0859380138074558,0.16544600003623,0.184449583245826,0.0523501183832601
"38",-0.126218742650607,0.162891309801086,0.126252985332892,0.0604622747448057
"39",-0.114612408174004,0.154296040105553,0.169691995311632,0.0339708287764582
"40",-0.101954394916922,0.202740579340474,0.184180875484855,0.00194048422264867
"41",-0.110725322332278,0.154133373785868,0.0942031289512023,0.0865375769344872
"42",-0.0584322263726755,0.208524568034186,0.131444035252651,0.0885511604924472
"43",-0.0623133449274346,0.196340114617916,0.148055930038995,0.0730558884056477
"44",-0.0825022487552252,0.132854639151598,0.182215139621414,0.0122706059194176
"45",-0.145403614806602,0.194187089381636,0.179659727724966,0.0386387885964857
"46",-0.144489492035709,0.1669084858926,0.175291009517066,0.0387552396217535
"47",-0.0885689556215364,0.187473693652256,0.193736288776247,0.0851257677368792
"48",-0.0711376935306672,0.228565603351382,0.136790051860543,0.0465873977688668
"49",-0.128163394417824,0.182271381346844,0.158783431483351,0.0756895644929466
"50",-0.106625603004416,0.169823374199766,0.159463901968693,0.0670103113973486
"51",-0.100767113373653,0.193072426433278,0.174235359409821,0.0451195056010256
"52",-0.103600819569012,0.172370040575683,0.175551078773398,0.040899583442188
"53",-0.116134709825867,0.184317478795272,0.185124637164119,0.0684719101381915
"54",-0.0972326523959252,0.212961262032042,0.184587935558723,0.0240864066359807
"55",-0.126958609349155,0.173144377445436,0.165391512738672,0.0874215666632442
"56",-0.0746966612865801,0.171621624522688,0.17669798057094,0.073904050903656
"57",-0.0722986274673992,0.180151706170405,0.193892829743736,0.0906353074696269
"58",-0.100426890755642,0.152233313831479,0.14802102462365,0.0394532675105151
"59",-0.091893201371678,0.148637925852962,0.175551955119556,0.0587478841263314
"60",-0.122513151806066,0.210519883506382,0.167649659126104,0.0596124219111307
"61",-0.123501916819331,0.187702364617717,0.185832988250184,0.0356812897341182
"62",-0.0850649928629639,0.214688877923227,0.12384004380882,0.0579890747687909
"63",-0.0452463224481367,0.169446778009161,0.139839329927479,0.0642260416990284
"64",-0.121549371907618,0.180386654775348,0.138498393740401,0.0440725597107825
"65",-0.109574302349149,0.226322098364404,0.189319486605619,0.0728279238507552
"66",-0.0968558930651986,0.178871608591659,0.173363166051884,0.0909645142583198
"67",-0.113805292035929,0.174311007789816,0.199784268838417,0.0667212404666069
"68",-0.140423842174945,0.182749847886189,0.21093821573175,0.0736643941882489
"69",-0.0941277695142928,0.133719401120794,0.152793686367578,0.0595348488460178
"70",-0.117483383676631,0.221388280708608,0.19144546961706,0.0342041527103466
"71",-0.0943874627994216,0.171385825673344,0.212130829844613,0.0313431898505716
"72",-0.103662100885131,0.184004069072642,0.165949326933451,0.0504807478939138
"73",-0.121373665131251,0.203321160741987,0.229892246582753,0.0717689011426756
"74",-0.0811964398012937,0.16345559048529,0.121493124787243,0.0683314198281423
"75",-0.104240000121993,0.150542176093548,0.152536598130623,0.0168916469092551
"76",-0.10445648612176,0.165031388615152,0.196626086628108,0.044633110438778
"77",-0.121568478581617,0.201854207828657,0.150327681958769,0.0577576458862218
"78",-0.0934339485744485,0.184727834670489,0.168109080325788,0.0250532977710134
"79",-0.0827246921498736,0.212336706196037,0.227542182832362,-0.00065711694508229
"80",-0.0789055791779114,0.202492069338765,0.143279242290804,0.00731083987269279
"81",-0.101831230794458,0.18007591883843,0.167423129752495,0.0700639869185369
"82",-0.107476257741991,0.239198776834636,0.151872553165473,0.0292727577476149
"83",-0.0799071427686552,0.177494971332905,0.172125544503086,0.0453866287569695
"84",-0.0561873966272125,0.156474199374204,0.145967937974677,0.0788454174777641
"85",-0.0645103856877797,0.187469059146546,0.180714890234028,0.0363016855250676
"86",-0.131347763170081,0.193709686194954,0.145717643313472,0.0489393287760482
"87",-0.174917498383978,0.185038652545964,0.181268647485474,-0.00223571041521533
"88",-0.103897671905047,0.212236481186,0.207103260593563,0.0511071625782794
"89",-0.0876655034569472,0.205489417485773,0.169420809503837,0.0461802999812646
"90",-0.0762803462534875,0.169370581168215,0.174074790440583,0.0834569930561072
"91",-0.117198120276847,0.167197461308444,0.197064872274093,0.0239049978450409
"92",-0.0510685389850771,0.221302189777228,0.183912868477163,0.0241413284740626
"93",-0.0899739379484453,0.183387209338574,0.226655931996083,0.0576836199604038
"94",-0.161393839471746,0.193917984490989,0.17323211510457,0.0875115649881022
"95",-0.0867155173489482,0.152839477724054,0.194639746899703,0.0597680633691956
"96",-0.084181603334807,0.164948338042409,0.170026656799197,0.0500233532229781
"97",-0.0458298979520326,0.182907628442756,0.171910411394048,0.0557194006809459
"98",-0.0532770165046932,0.20799569222569,0.158179710460182,0.100729742792666
"99",-0.0929368820950964,0.156699392457813,0.172718417326413,0.0898755758710247
"100",-0.0888445722548133,0.186303453766952,0.143749633331877,0.0709942243024904
"101",-0.0816849120782721,0.192248097841945,0.15983980929416,0.0506919019072899
"102",-0.0785280513330139,0.206890946443788,0.151381615191067,0.0930808962998887
"103",-0.0435191008810068,0.167723819900145,0.169584956523825,0.029396749893606
"104",-0.122261621236008,0.181731992281906,0.166716270924501,0.0363581244614646
"105",-0.0757449466602382,0.145742975486464,0.183626938483923,0.0601144646711687
"106",-0.0905541837319412,0.219670204999322,0.188509140203688,0.0595241704034559
"107",-0.0692314424347805,0.168366620164549,0.157430479643854,0.0793927676833075
"108",-0.0995510389756705,0.182089074265701,0.204409905754122,0.0652637795347746
"109",-0.0993129413289101,0.192429783886949,0.162521855854598,0.0586654298689017
"110",-0.0942692339488831,0.14964513337502,0.202706959711493,0.0424333689829745
"111",-0.117506100333433,0.207230843362634,0.128943888880862,0.0593742344894402
"112",-0.0996150173838349,0.208100133395154,0.172823276097815,0.070988274316412
"113",-0.0733438877245373,0.236228315994444,0.133499384990597,0.0406290629697754
"114",-0.103013881710412,0.21411183504899,0.183914988507493,0.0901080604610405
"115",-0.136226635060131,0.167240558940868,0.190053233147495,0.0573052932036864
"116",-0.0513083637049665,0.203382636875259,0.172364860076866,0.0421863767766745
"117",-0.137321279330139,0.171846383288291,0.157501445633325,0.0360037075532346
"118",-0.0944338053993662,0.163073976024154,0.155738624765287,0.080956425166721
"119",-0.155460501599376,0.167822136837197,0.183250553435602,0.082878795035568
"120",-0.15440884111576,0.199668096980053,0.177086919117753,0.0525886427336684
"121",-0.0937544138153158,0.189702352751819,0.150296841241305,0.027177080898123
"122",-0.1093148872854,0.184300092609182,0.176190757913755,0.0741207326405498
"123",-0.0667405429993722,0.188355097934814,0.191208202548538,0.0740294098734666
"124",-0.0714533002441658,0.137994099286789,0.175595541586127,0.0618988086705251
"125",-0.0536118222837405,0.202738660814464,0.181085776833749,0.0410614087554434
"126",-0.155487639778268,0.175399524453673,0.161218908014371,0.0600326011861781
"127",-0.120872537722472,0.177815797729475,0.125444122663445,0.0554756744307606
"128",-0.0555106173780951,0.184712964226302,0.184675957539615,0.0770689733863595
"129",-0.129606033411873,0.221650015696769,0.1640656246115,0.0460832535136269
"130",-0.0676619107770989,0.188094603954751,0.193480315307225,0.0315842824795643
"131",-0.0639591904438192,0.211848403927868,0.153003253310373,0.058069977093135
"132",-0.0403134001814802,0.164173301608838,0.143746818311277,0.0551315858447834
"133",-0.0983704818942865,0.176278940774796,0.188259553876578,0.0537714396639836
"134",-0.0806490724649198,0.176040676458953,0.181939186815052,0.0478961164299527
"135",-0.117479240325437,0.178330329745503,0.130227113094764,0.0755987760947718
"136",-0.14838344383121,0.212953210686121,0.198751142173217,0.0550540918425959
"137",-0.131541903421392,0.171661178720532,0.140257993070762,0.0659423992935875
"138",-0.103207728501704,0.191391770669417,0.180852505713303,0.0507085675761682
"139",-0.109964327012964,0.15948496359375,0.161659007728626,0.00050406673027103
"140",-0.0820998582882601,0.187306256615097,0.196396701134357,0.0184361224433849
"141",-0.120967268217621,0.189313555100288,0.195732643885684,0.0366619256865887
"142",-0.0708649548828833,0.190012632611794,0.163263264077688,0.0837900101290464
"143",-0.0613245133146803,0.157101164864066,0.150913622562362,0.0774206012064553
"144",-0.0935370594509428,0.204842025459119,0.167321834198823,0.0185383850114786
"145",-0.109385104750678,0.165645868840942,0.189298699137996,0.0430909865684976
"146",-0.102940462495391,0.180745495174474,0.16745561080011,0.0654174543705344
"147",-0.131097302850161,0.207214946343254,0.193875462212273,0.0272620938613847
"148",-0.111244343189885,0.138931521228999,0.141998871280353,0.0606639601618096
"149",-0.0877869994616949,0.169795410023489,0.187960179405311,0.0564761433156478
"150",-0.0485584624083554,0.17940913934695,0.183974005290721,0.0805427800927906
"151",-0.0829503880773039,0.18115712584646,0.170779866523428,0.0352052577966514
"152",-0.094215682322523,0.173076289338659,0.199299839859007,0.00556314053873493
"153",-0.12826105886455,0.243058081072539,0.198350354053782,0.0200930461446983
"154",-0.0594329104123056,0.188788282549471,0.172487233154617,0.0788302322047433
"155",-0.114399923418621,0.190143658282139,0.170504365423714,0.0538277452521579
"156",-0.0372267632352899,0.162667665950135,0.140078589837472,0.0682244629794387
"157",-0.0907124437651564,0.167885636090606,0.135135595252586,0.0922561291789203
"158",-0.119618741754771,0.189855839477388,0.165148007562846,0.05845224555269
"159",-0.131248356144508,0.188905085474786,0.135483682072567,0.0381792227057287
"160",-0.119043020734551,0.177160444931835,0.126401940828213,0.0633772674770438
"161",-0.129867621247312,0.183247377135131,0.118701396614486,0.0912729919205025
"162",-0.0863998585352872,0.203377720778213,0.189473062703249,0.0378559534346014
"163",-0.089354297066387,0.22069637459579,0.15302024285185,0.107930842321663
"164",-0.0904406413638026,0.171598853564588,0.166841145002714,0.0412105563455391
"165",-0.0289894438412571,0.177416756519898,0.136497992159164,0.0401932641634658
"166",-0.109088160453411,0.204183658445689,0.179396488517112,0.0653297226543436
"167",-0.0880972186248981,0.166719337174594,0.159362914362804,0.0182528136089856
"168",-0.0897774432491782,0.161372398614297,0.185962135478259,0.0170072299131597
"169",-0.111601574168195,0.181924545281051,0.184418128062498,0.0326343183941126
"170",-0.0678634335434899,0.240015408793194,0.161182378640209,0.0332012580347772
"171",-0.107333935647821,0.168334447884319,0.15594136232249,0.0247021138225166
"172",-0.0786745036702315,0.1716904284969,0.131189449646582,0.0823216493440932
"173",-0.107713230915692,0.17981723266476,0.154534343752558,0.0560248023208953
"174",-0.0732555756273065,0.162809541261187,0.177451170650088,0.0491788764641382
"175",-0.121677974483811,0.181649385873059,0.225367145450905,0.0330173057712423
"176",-0.0594645971157949,0.21889545431099,0.189320895768216,0.057519377373699
"177",-0.0934063704799521,0.229221890290042,0.199199743408184,0.0350581823729423
"178",-0.0556801925669789,0.178733209245184,0.183922295662927,0.0761028490873796
"179",-0.109687762652643,0.200042059824229,0.228763954212867,0.0471441651613455
"180",-0.123757413585227,0.170111846708379,0.19995750622883,0.0230050425909346
"181",-0.105369109471157,0.182152665721886,0.161593272624355,0.0572413492673706
"182",-0.0255420131921111,0.207201642079054,0.19325243218557,0.0623377008263312
"183",-0.132400602128446,0.181571886638934,0.152109230512761,0.0727353605440191
"184",-0.0538676540955512,0.149395222261612,0.168570686220239,0.0581778889784084
"185",-0.0515010882036181,0.232750552392554,0.157726609562951,0.0347684316888265
"186",-0.0884403285581189,0.159261109801118,0.16888450489916,0.027307678323809
"187",-0.116237049816034,0.181953883639086,0.190295946435779,-0.000876907959869258
"188",-0.096684582815892,0.245475096488839,0.167956565614163,0.0507090225679132
"189",-0.0527043844597245,0.220673875843118,0.21888859772986,0.0466872591411494
"190",-0.143948455516819,0.181011132699089,0.158656164530216,0.0376152362101501
"191",-0.137952747786725,0.173282174940235,0.126126041490758,0.0379484036020486
"192",-0.0750111683966654,0.160859387241164,0.167326875349504,0.100509719986285
"193",-0.117909417872314,0.222126027132854,0.206419799959282,0.0507689961790825
"194",-0.102973185785186,0.17460530851068,0.146221683135877,0.0389827576402901
"195",-0.0820513404899913,0.217581220406855,0.198372661989491,0.0865840096083838
"196",-0.113914336739353,0.183875152224122,0.163787679154866,0.0654549504733897
"197",-0.0978817477756514,0.172773752055223,0.159807797678862,0.0325801045097182
"198",-0.0962807463566891,0.14164377301849,0.15340228394036,-0.00151592345906401
"199",-0.0728946692902599,0.202891234251367,0.190985701016384,0.053363124648088
"200",-0.0923860401590106,0.205439541639329,0.165521539715362,0.0680169530872767
"201",-0.0665828109769787,0.154790824049967,0.185592691180234,0.0640841518411156
"202",-0.0997468654017843,0.216629920974474,0.178411134474473,0.0556060385032215
"203",-0.075299458485975,0.144879360672704,0.151938087620519,0.0699715189531055
"204",-0.103647079511615,0.189154125391161,0.21334141631837,0.0434543052264453
"205",-0.0846099585168028,0.18320707877362,0.20459565956966,0.0755014508113967
"206",-0.0590182130174697,0.203026959700704,0.1763991541484,0.0852313449838186
"207",-0.0960518418786835,0.220427677950808,0.170952133420922,0.00210925825174826
"208",-0.0688396284536656,0.168924752634908,0.16641465988677,0.0539240387109257
"209",-0.0704611080844995,0.144005042648361,0.143502791933603,0.0909994253878341
"210",-0.113992198668272,0.167283174805828,0.148625899683439,0.0457396164329346
"211",-0.140698530796501,0.158318230315632,0.139078396049462,0.0538195147526883
"212",-0.121373622735543,0.166950000794079,0.179670185721768,0.04292640337829
"213",-0.1337304750108,0.174776621061286,0.188545175971642,0.0847486853102549
"214",-0.0786062425012747,0.195786553593235,0.103955132916857,0.0619116147798506
"215",-0.0439109788202858,0.207861208341669,0.184200841465032,0.0558118671882724
"216",-0.127150563666488,0.163698709914687,0.135489058092198,0.0448155254477709
"217",-0.0794517086477265,0.183838633980714,0.170176886332173,0.0505127089847302
"218",-0.0939316234291022,0.184478248141872,0.193848991019024,0.0789226674302142
"219",-0.0945952118429241,0.200373711548553,0.190416687857548,0.0902224854543274
"220",-0.0789615400932074,0.180856846088265,0.190361926314982,0.0489923462648108
"221",-0.0992144958131198,0.202183136643943,0.218772575371662,0.0704217748861251
"222",-0.119354833121889,0.164855881633734,0.141449621100899,0.0567383214623224
"223",-0.0908029329420771,0.187771471289727,0.193867771373912,0.0774500837864616
"224",-0.0968606603602189,0.198482153191605,0.187493264145572,0.0425781661396626
"225",-0.130384020768819,0.236275046474424,0.217215685175165,0.0393106348256505
"226",-0.10245001850072,0.160578349035608,0.172778473031529,0.0441337327032818
"227",-0.112086126536545,0.1746718650597,0.164463625906705,0.0879961341500485
"228",-0.113719753674613,0.219080568203476,0.175732654340376,0.0674079738365407
"229",-0.119336234887008,0.162627687907499,0.194761871141704,0.0281988601644445
"230",-0.0769020974653761,0.162127784478467,0.125364641076459,0.064175118280131
"231",-0.122596993888236,0.165413081714974,0.160148182996332,0.0454527731946469
"232",-0.109352066319206,0.21311891154112,0.180526753297384,0.0358822258666759
"233",-0.0655355958289191,0.214194888005024,0.1957433583207,0.0601135184396657
"234",-0.121963577699634,0.177001497472948,0.204859036618632,0.0628347894041276
"235",-0.0941804354952386,0.19208419089446,0.10109159146118,0.0822001679892441
"236",-0.101705211386421,0.163259302605486,0.160544245928219,0.0501126744933053
"237",-0.122755336482004,0.174885323702534,0.198035618409516,0.0272397262077538
"238",-0.100016053130026,0.196815405040998,0.161977291774753,0.0235691520079988
"239",-0.101207154979684,0.192409869109923,0.132272669160023,0.0623612308914566
"240",-0.0793090954756782,0.242900196133199,0.192591039279226,0.0498704426597384
"241",-0.112775364482895,0.240273765195957,0.147150311504489,0.0321382883034028
"242",-0.113510721398946,0.168241009074644,0.169913364095237,0.094987354622647
"243",-0.122592615448195,0.159338460007562,0.111895354714931,0.073243044996126
"244",-0.12781930437821,0.157589423512469,0.223727344469637,0.0301710099335071
"245",-0.103450815650633,0.179118334892374,0.197149187877212,0.0677913571919646
"246",-0.123377881198019,0.164881252757526,0.157994915043739,0.0508103009874858
"247",-0.11236206628545,0.180994099516909,0.127750601284258,0.0348686836829155
"248",-0.121369725378194,0.172283422201246,0.150087375278123,0.0569014971670529
"249",-0.131154660978907,0.198234536398907,0.149679291635226,0.053132277937447
"250",-0.093781803613534,0.196723155994041,0.133588017641934,0.0446637646125503
"251",-0.0925430682567265,0.18854455298035,0.173554400165272,0.0632924438586878
"252",-0.0979566154638518,0.175538060882269,0.159295531909789,0.0302463434083584
"253",-0.113237923560024,0.178529614454134,0.170936984294865,0.00261187382605848
"254",-0.107471178631324,0.222601868989643,0.174699527599978,0.11578642927457
"255",-0.0590538375484677,0.196110356688467,0.154114468329617,0.0506578724455312
"256",-0.103496416147352,0.208206777712066,0.171911725269732,0.0522712286820232
"257",-0.120254903822461,0.191108541221971,0.128843166031421,0.0343246676566446
"258",-0.143685395383339,0.193732628834814,0.179138057200155,0.0234124228061519
"259",-0.117588219473748,0.147895886333401,0.152098207379746,0.0652123294643804
"260",-0.0708276994802877,0.223849570650276,0.132162312458563,0.0607141338770938
"261",-0.114183202349146,0.204348967372871,0.156616290696063,0.0784877346277609
"262",-0.0993239389307442,0.225113983505378,0.195213300538042,-0.0069974036558801
"263",-0.0497789336826395,0.216647943306464,0.163339913645119,0.0485106714779422
"264",-0.124005722393641,0.177247246214928,0.162971978034601,0.0335409557685862
"265",-0.136603491608767,0.220622744177621,0.16471638319032,0.0328954620112751
"266",-0.042786840421586,0.199793062435037,0.185773046526065,0.0320305740644444
"267",-0.123124090141286,0.220261986826892,0.188275177735501,0.0413562668355896
"268",-0.125339105466956,0.206513898838617,0.1769457861902,0.0440801978139682
"269",-0.0859603302513311,0.176687394587515,0.143440434764493,0.0389486230169342
"270",-0.127007283237448,0.18158541771629,0.172264891503489,0.0289019947644793
"271",-0.157686895163505,0.206240514450084,0.181532127171048,0.0551438619948443
"272",-0.122192538807775,0.172578851051332,0.111124831496103,0.0512755568674988
"273",-0.12492132073678,0.221147660249129,0.150037080037856,0.070297350326567
"274",-0.112116980558011,0.178906941054774,0.182643738249238,0.0857673955055801
"275",-0.121000574985879,0.16911889012045,0.211395499712402,0.081072281041182
"276",-0.16346270262378,0.21567399189874,0.169328780007512,0.0477659035231154
"277",-0.0830343205345847,0.159485255096022,0.155358090163985,0.106855126806402
"278",-0.114662366002809,0.195145614309369,0.194725533640146,0.0505460461200044
"279",-0.105773308941365,0.209877515115577,0.161966205537018,0.0357394298368886
"280",-0.119925961389748,0.17389092034327,0.185350223273865,0.0802984695547992
"281",-0.124529059043316,0.193779355856868,0.1684582617077,0.0331665161923389
"282",-0.0801676845866702,0.180546863556659,0.15651301929533,0.0772624961800684
"283",-0.0638758573149096,0.156426433415743,0.165313142008727,0.0655907439463769
"284",-0.0554782927255179,0.181763119540807,0.176311781060485,0.0641157835193499
"285",-0.0846616789652981,0.20992178012832,0.147775059959395,0.101323934267047
"286",-0.0735223964643913,0.196559131992257,0.196785959712336,-0.0150166045683966
"287",-0.0906291634702165,0.197860515411353,0.145043868774926,0.0335045502348047
"288",-0.0539974047680671,0.216233856413641,0.173322687174852,0.0357244057405723
"289",-0.125751583413833,0.220743268449099,0.141048608111361,0.0704627311017959
"290",-0.105864475404343,0.165943548433642,0.194865805287739,0.0523229731723443
"291",-0.105879070564935,0.126329270588218,0.179306025627796,0.0595137566746905
"292",-0.107194967219817,0.214864252377389,0.172189363702409,0.0704135213451762
"293",-0.0306567899979482,0.188660223084111,0.180586000367503,0.0877206907247267
"294",-0.0791116896451686,0.192137000209063,0.169111224893929,0.0542981426851572
"295",-0.0251208443279815,0.229676168366391,0.201960706236024,0.102451043483763
"296",-0.125992228071111,0.179229352192314,0.151429686742545,0.0539716386000508
"297",-0.0786538698534967,0.178025589128629,0.149515805668574,0.0713219611137716
"298",-0.115523188370997,0.178235743303878,0.180888649762396,0.0230986107036904
"299",-0.103790876792505,0.191776581445702,0.175749996078116,0.0492256500296129
"300",-0.0837800577625591,0.153602015520159,0.203765692566945,0.0352274093593223
"301",-0.111923074172914,0.157744821923164,0.194668253530798,0.0333867172706329
"302",-0.12252298235579,0.200082385332288,0.154655962482695,0.0698314540797332
"303",-0.0626672731646873,0.154008628973468,0.147564576287689,0.0946452642385273
"304",-0.107786216422288,0.22933288763773,0.170879633122094,0.0763788572152478
"305",-0.160023512626814,0.165504062887438,0.13865520042259,0.0335189419193525
"306",-0.0963110287953576,0.199954589259237,0.197580379776125,0.0779567018370993
"307",-0.0769126415716957,0.255123348306769,0.167985545757742,0.055794840174204
"308",-0.102283846811434,0.173894712915027,0.173775793622349,0.0210752418695415
"309",-0.0583129874658362,0.173118680606924,0.191278439975131,0.0599836610305024
"310",-0.0589141776895299,0.180145082292996,0.159302990181378,0.0699840318178395
"311",-0.104110112473231,0.208429830318117,0.154868905929493,0.0629471721943054
"312",-0.119484085963952,0.16282741236573,0.159429263155113,0.0565247385733148
"313",-0.0958799174446538,0.14380792891178,0.183967256251808,0.0640127168697706
"314",-0.0846261674417002,0.198246985088344,0.166558802997844,0.0654486023525562
"315",-0.0869984707961061,0.193978944461421,0.169444050450394,0.0541505829618539
"316",-0.082898596396721,0.195083922361389,0.135960455583976,0.0184863797983263
"317",-0.0916933968974592,0.177439578016289,0.162376647599431,0.0710441843991224
"318",-0.138822207764045,0.228572616441504,0.165721603287393,0.0180345075379544
"319",-0.0786031473926122,0.201802724879403,0.170647846726898,0.08623946470793
"320",-0.150698170829024,0.188563169775863,0.139596210212995,0.0716762967243805
"321",-0.124144001473967,0.245991581434133,0.168676460733888,0.0483704121953055
"322",-0.0284532566922932,0.221754480031437,0.177836166577191,0.0162953576442322
"323",-0.154610148690603,0.171487333428076,0.174906235113489,0.0560965478062327
"324",-0.0382875999714115,0.2161838966595,0.187861113374795,0.0499733970312692
"325",-0.062459125545066,0.180396744120358,0.177709656261936,0.0626195024883049
"326",-0.0896271524520625,0.118636426333138,0.172260552461474,0.0632946341277746
"327",-0.116900541506591,0.221315247666634,0.189094397268654,0.0674902685639135
"328",-0.129468076121019,0.181077412847831,0.187673278383575,0.0733135049398367
"329",-0.0923741396377734,0.190388606093022,0.1858655422497,0.0258850362163586
"330",-0.103903402685083,0.204839402669815,0.211152945138608,0.03822791202657
"331",-0.0884576244830131,0.185304723326097,0.204907095403869,0.0389303754471366
"332",-0.0590749446772788,0.22446552604333,0.180484286785453,0.0209867776124961
"333",-0.0775376264645054,0.133359459865594,0.180253118862926,0.0933672586352059
"334",-0.101719087880588,0.171539420283983,0.182276709145265,0.0551237950525626
"335",-0.105785701516276,0.216196909790863,0.165100682620569,0.0572026011957642
"336",-0.111318941059347,0.193617928557516,0.174825598380051,0.065803755562487
"337",-0.0840269978508399,0.196037007208012,0.14744719525284,0.0406300749499007
"338",-0.101044857006307,0.238937685376279,0.150328175738894,0.0340377550852381
"339",-0.0853196490667678,0.196404476537822,0.144734182337896,0.0833149881428363
"340",-0.117827600557053,0.192001614065808,0.190273640144367,0.0521291232760403
"341",-0.0641670032290045,0.205112197510542,0.216188203343641,0.0217305989644703
"342",-0.118974443008917,0.158553973788233,0.196086280464143,0.0286889217391899
"343",-0.0659971159463004,0.193565043470086,0.213212408447653,0.00829749769294533
"344",-0.0745832461936959,0.18004298173523,0.13558329681616,0.0724018581192243
"345",-0.0759082726306124,0.179483575254213,0.17937535129984,0.0781725886228513
"346",-0.110250923639485,0.139660525360613,0.171797382316191,0.0495332291065202
"347",-0.10139638897559,0.167719943327293,0.160803406788257,0.0780501036672102
"348",-0.0771040372953576,0.184739804816416,0.159671210445297,0.10030264983046
"349",-0.0759205839069098,0.23078493798859,0.205622879043239,0.0682964225692608
"350",-0.103237721867031,0.209219904286741,0.192311025021763,0.015987926479408
"351",-0.0676853617495848,0.13649996118467,0.195881169144732,0.0760004259899192
"352",-0.0708524584942453,0.177155460960533,0.177589775227351,0.0151534394302463
"353",-0.124768588560145,0.159712550477313,0.200514826032863,0.0202050238258771
"354",-0.133402383263495,0.145408949894295,0.154332106286139,0.0470964130878517
"355",-0.0855984211480945,0.167327537854796,0.107977602188516,0.104123654868887
"356",-0.110336406731126,0.133586247987361,0.148926365975379,0.0404695653763587
"357",-0.113616698264836,0.190506981321759,0.144008274022323,0.0279779852686105
"358",-0.0975515703416193,0.191133012969493,0.147067031981853,0.076374293925411
"359",-0.0907232156945496,0.166727474645879,0.180956604125171,0.0729766836903917
"360",-0.10541512064669,0.16647648059404,0.169364868261218,0.0802948753117491
"361",-0.0636921584133147,0.153866356535125,0.130869673712757,0.0417477487172779
"362",-0.132282222167859,0.201162905856783,0.187127586126105,0.0378794765938889
"363",-0.0459154328498738,0.23122442211511,0.166851087437036,0.0266586974924777
"364",-0.0939122747226753,0.158536298664393,0.175314075135938,0.0560268350852149
"365",-0.150858614402463,0.246250214881391,0.21556183862904,0.0061405900124578
"366",-0.0807328154027976,0.205019331003688,0.18995610885229,0.092320108717215
"367",-0.102210400044873,0.166891607355122,0.178651885865219,0.0415637904562849
"368",-0.098071428114557,0.180088114220409,0.137277215989283,0.0311875853793552
"369",-0.106674869223192,0.176794278830949,0.200348236190184,5.61843986881824e-05
"370",-0.114947393705164,0.211758888692367,0.211167522429011,0.0457409729885491
"371",-0.0418039677975169,0.180079481237734,0.202256925460509,0.0415714807741252
"372",-0.0816623306075211,0.14267019948181,0.15190622212365,0.0132798730383582
"373",-0.137711552457458,0.1822282708636,0.193940495939186,0.0343435620374836
"374",-0.0623041463721427,0.209114343583437,0.203061495657583,0.0802651105620885
"375",-0.116526171700567,0.199156521427482,0.181985773444525,0.0379906803761885
"376",-0.0760339912188133,0.24249833822693,0.179742267539845,0.0690853251505721
"377",-0.107894407993959,0.2258149453321,0.181098389384711,0.0227098110631599
"378",-0.0576832853672347,0.231604112345318,0.192261526454529,0.0701946680032295
"379",-0.133246956338657,0.18737461556708,0.134373175238179,0.0316297564881937
"380",-0.115192209574062,0.175732398808804,0.19251097515056,0.0517593233850116
"381",-0.104410961477159,0.168729188104755,0.182182951464225,0.0518639759813389
"382",-0.0974506906500196,0.161820231090055,0.185513045014936,0.0609766848395734
"383",-0.088661253463332,0.194741997468226,0.165961513410063,0.088047190176091
"384",-0.0843466274954962,0.182294011606254,0.153497115407477,0.0658555209717866
"385",-0.101057396657213,0.189677344171384,0.162823643153733,0.0508337611785771
"386",-0.0777594102766884,0.19981511079007,0.160735251748603,0.0315177918401661
"387",-0.0543978403598764,0.164999612795533,0.129365410906701,0.0990826798890156
"388",-0.0983511407208878,0.153447950638756,0.168977461715014,0.0692626614944868
"389",-0.0522166702755538,0.196073251922891,0.0998220190980994,0.0711974938679505
"390",-0.113288803569685,0.146683297311025,0.166953748687897,0.0711503855328116
"391",-0.103617436077186,0.214000357684181,0.194588415467546,0.0343501935840654
"392",-0.0998302755487524,0.161074118626815,0.182367900592179,0.0633947457971676
"393",-0.120751072096991,0.163138132330711,0.199437537403292,0.0364806579816422
"394",-0.0542996337340553,0.204897237701154,0.239760576611549,0.0716836065350894
"395",-0.139108556106697,0.219548631307433,0.188855724011008,0.0389895327520313
"396",-0.133820310749025,0.200935847278311,0.205371406125088,0.00146913587705111
"397",-0.0732168646982513,0.174592616063239,0.195176864498011,0.0857202038872008
"398",-0.0656369692568661,0.188182479071749,0.148955950123692,0.0604017451787634
"399",-0.129215811988691,0.199959064237438,0.183068248680209,0.0391458262399927
"400",-0.0344166545961182,0.188263294200205,0.170162432342557,0.0807933228575639
"401",-0.0932567613620286,0.173574274581241,0.160988997501465,0.0753604291140825
"402",-0.0857717866801402,0.186862784385267,0.145813505855956,0.0290093420363803
"403",-0.102372799024939,0.158919999244858,0.198750666612014,0.043177403115299
"404",-0.10889029864572,0.174004058160848,0.150585233991973,0.0446767709990079
"405",-0.0739318677366348,0.183165450998902,0.174638044334109,0.100284198892398
"406",-0.086812538886317,0.184323433409174,0.126874070155146,0.0582330194106155
"407",-0.129615834323616,0.196412260016207,0.184733863803328,0.0693822452310109
"408",-0.077896703149744,0.225465631806829,0.215023131819258,0.0381056868425442
"409",-0.090035074727813,0.174748880756774,0.157585710042677,0.0275616161017673
"410",-0.0868328929995199,0.217918890174321,0.178497825720287,0.0716500848294457
"411",-0.0930812931096001,0.179536042300578,0.183303718281916,0.030035561564226
"412",-0.100537773175333,0.150381903915374,0.181384214632636,0.0281626827801408
"413",-0.12586248905013,0.18342307037273,0.224846690164315,0.0394181286273355
"414",-0.0826504061855722,0.211053268653561,0.174219348635361,0.0707137851684621
"415",-0.0826894207252018,0.160597951012761,0.164634292734696,0.0766556928031963
"416",-0.0857212075410482,0.163310020032465,0.169243241846494,0.0263344906044734
"417",-0.0941517223549471,0.190997662513249,0.164676381735236,0.0660440125747743
"418",-0.0911368879144262,0.143424600343609,0.185528682110337,0.0368644058301475
"419",-0.103630346556217,0.134037749110655,0.18531424170891,0.0571757874933184
"420",-0.114823010535769,0.231830013658133,0.185633005125653,0.0347138301951189
"421",-0.0590542740348208,0.180471846013251,0.191784969878164,0.131726471545762
"422",-0.0893037948134941,0.175603561825293,0.167714345028485,0.0329971435374453
"423",-0.0919570182016074,0.183531038772465,0.169948805039925,0.05561315164316
"424",-0.0914425251703867,0.134732559351464,0.224869747234342,0.0758647174721252
"425",-0.0868616053128988,0.161364384339838,0.163986798403473,0.0967787295472796
"426",-0.0734000521515354,0.155350010008933,0.189145081361409,0.0553248816519098
"427",-0.0814797961550602,0.204415467116775,0.200558392322667,0.0395805039697808
"428",-0.0839585461520247,0.229126924063679,0.143515315120022,0.0650296335959047
"429",-0.110020916011353,0.219849339438919,0.164849990512461,0.0404995991629813
"430",-0.0876039241684336,0.174775377380531,0.179236804900889,0.0693923395875012
"431",-0.099853898658193,0.190206780536515,0.174445158552324,0.0894489530337019
"432",-0.059669987867329,0.226816598584533,0.197609787041101,0.0331005654265398
"433",-0.110013103499811,0.174295233012241,0.169141473279271,0.0568950311868705
"434",-0.141647156448435,0.199653604579463,0.163535706071429,0.0662383388194261
"435",-0.130718739049121,0.193154712582416,0.215534896171026,0.0197779272016831
"436",-0.125860051196635,0.198077308369164,0.168686182842679,0.0406774413297351
"437",-0.0838154223911036,0.175272121625524,0.166301301892379,0.0557194653201923
"438",-0.0952820420369536,0.199606015359441,0.175507678346247,0.000798249651561534
"439",-0.0988737932498028,0.180272571105489,0.162342024751024,0.073108460454954
"440",-0.0782609776797384,0.200977496611258,0.161370831835028,0.0695661086297353
"441",-0.0829442968864094,0.182825212368346,0.1496108960239,0.0543203230978284
"442",-0.0805598599117615,0.2134490445625,0.154299906827781,0.0789475907157853
"443",-0.102450021344613,0.210684589212656,0.154655867478976,-0.00668012411353205
"444",-0.0845460211159715,0.183264457825322,0.178618799377523,0.0768637980227716
"445",-0.117825993605189,0.187224754722149,0.149056661233726,0.076038494591898
"446",-0.0811724371941057,0.183951432655916,0.208092340503879,0.0622271309072659
"447",-0.156732364209671,0.188537273019634,0.150157725393398,0.0537918838740212
"448",-0.0713804270732178,0.156564549156061,0.175079442931742,0.0605033094746302
"449",-0.128463663848705,0.187508693771283,0.206211060978679,0.069716985948353
"450",-0.0913081535762939,0.207200418144131,0.168115013547986,0.0220792598928366
"451",-0.104444665764386,0.189479389428147,0.164509729300599,0.0160950661156076
"452",-0.120873937787015,0.202488787854088,0.167607989773411,0.0575307782561934
"453",-0.0968182880634036,0.173095631402242,0.202797376387797,0.031561384630717
"454",-0.0736190911553501,0.20156251975016,0.153292440357288,0.047293108732476
"455",-0.114621040485967,0.1595855446322,0.210129669755977,0.0420715566772929
"456",-0.114811380461066,0.189108860254408,0.213724598867391,-0.000792518505330806
"457",-0.0826429032175932,0.224318076584123,0.190177230008923,0.0451480730593731
"458",-0.0934341310303267,0.229642960546626,0.188204848397496,0.0671790990615614
"459",-0.0924786895529558,0.223244597031805,0.171164640121491,0.0333414943633685
"460",-0.078035849786817,0.172754804522662,0.162902469923403,0.0598098859939366
"461",-0.148375800665628,0.176381714150466,0.216555846207375,0.0573227762456071
"462",-0.136559934854964,0.192397257737304,0.204950927919903,0.00723148393956169
"463",-0.0908669871261735,0.16960075451651,0.143366360101914,0.0920062790653368
"464",-0.0873419911824196,0.228731584311501,0.148956592090162,0.066035165486853
"465",-0.109959729368433,0.158740072392747,0.16347813627751,0.0576992849652904
"466",-0.106229076419708,0.130946319300577,0.179917485509289,0.0237491884827126
"467",-0.11037089905414,0.201656406490804,0.18243829179816,0.0412365943435513
"468",-0.113770130505622,0.200338025595459,0.178340149705597,0.0694876799653665
"469",-0.0840832011380243,0.23978076050961,0.17830797415541,0.0717261556345996
"470",-0.0448532828614356,0.239858176862281,0.13740537988252,0.0646589905937748
"471",-0.101889990161532,0.146508821661648,0.205259456988357,0.0578947133271071
"472",-0.0385332104716057,0.192127957740468,0.200169593932202,0.0041006602884204
"473",-0.121037401234067,0.229275483008523,0.21393798450134,0.0345816793355686
"474",-0.0760220480162163,0.226624400585784,0.177111206282062,0.0439235756197341
"475",-0.15464117647749,0.242864179685732,0.149811585608173,0.0419249057876635
"476",-0.115261653538583,0.16473207810451,0.15923788484278,0.047532032782106
"477",-0.056231205990952,0.209261126982008,0.18960806169996,0.0803632920473617
"478",-0.118765422531657,0.216429968457551,0.175701850992347,0.0513347623638223
"479",-0.109945458485266,0.175383330094112,0.13681890217837,0.0386725040057982
"480",-0.103828253461828,0.176419171130786,0.16895446685142,0.0408511827072694
"481",-0.11638883444283,0.16458655804574,0.203619870144594,0.0191321779720859
"482",-0.0846107061596066,0.140204803746987,0.152280670326931,0.0259087567787811
"483",-0.0616823102196132,0.181079886075698,0.253650163338556,0.0552132454417128
"484",-0.0558324241062477,0.128336403957167,0.140281634268034,0.0488078796722118
"485",-0.101400061809667,0.174684881984148,0.148103300500158,0.0171774061591042
"486",-0.104702143664762,0.248113543725301,0.146190838127764,0.0411867230225144
"487",-0.0920199939499488,0.187300990991464,0.162336539971529,0.0397130000661634
"488",-0.0976536072274748,0.178673576038025,0.179156946785453,0.0818226418523269
"489",-0.0892011868909285,0.178577544210114,0.171519789776622,0.0502420715149604
"490",-0.0881207248345232,0.159320906825921,0.172193574244728,0.0342549596344831
"491",-0.14208631359834,0.1461666478228,0.162129458250949,0.066108545885262
"492",-0.133337591594434,0.196525217489154,0.183458592395952,0.0432112172117122
"493",-0.133284559273711,0.196981220241066,0.188427802832933,0.0352812374125997
"494",-0.0683648136578209,0.183754262480255,0.194409585621183,0.0616139159331207
"495",-0.0912777684517881,0.175014408722385,0.180319601762853,0.0317035129463396
"496",-0.0961749432469571,0.184675392717339,0.202145929952084,0.0043654547268774
"497",-0.12925361090642,0.188618651118305,0.191365245126481,0.0358302316045516
"498",-0.0971170256655657,0.198908508194932,0.172008092348813,0.0477492965345238
"499",-0.0967130130414996,0.187010090778448,0.149259756434766,0.0578333280844526
"500",-0.146345889976516,0.2054127730744,0.170358771243123,0.0356626559338446
"501",-0.0963128549553304,0.236847001217223,0.146789475928996,0.0503672596191355
"502",-0.0947287780357396,0.149273778338595,0.150861357874427,0.0552907064443142
"503",-0.0939629312050682,0.1775967973162,0.13121352724848,0.0402386989455407
"504",-0.124207576167831,0.182290620828955,0.177293326295761,0.0815136581404703
"505",-0.0480340972266906,0.174946378014804,0.172237286919756,0.0395861535008086
"506",-0.104956735375616,0.168878954536165,0.12667455055695,0.0168836668351336
"507",-0.109158881964965,0.173466683041225,0.193731307618114,0.0265536084659461
"508",-0.104704738258248,0.206124981452308,0.145177749694434,0.0592580395189503
"509",-0.0724432689511682,0.15543803461381,0.159514177769357,0.0566579646944106
"510",-0.112707468041509,0.181752322145091,0.134484348850732,0.0999436858899272
"511",-0.112011066993634,0.171293122922104,0.0977937340444512,0.0781269374525279
"512",-0.176027505111425,0.201347058577228,0.232998569800739,0.0364180500284966
"513",-0.0756714194307917,0.155080205854238,0.162872118526738,0.074503271522659
"514",-0.0545743787296326,0.175718123449065,0.164073704844887,0.0571969690372043
"515",-0.0834872799744203,0.195975116587868,0.173940577302607,0.0572329822036073
"516",-0.108711484937798,0.15109504049159,0.15534661687281,0.044126060431959
"517",-0.133105367869408,0.209075794603722,0.177277144258567,0.041835710198724
"518",-0.0951353821530486,0.197528863752756,0.136706486598989,0.0704739713929165
"519",-0.070478351211835,0.151356203821324,0.127633049930949,0.0994227857003434
"520",-0.10976814936302,0.171590435092614,0.14863762665749,0.0591752217407395
"521",-0.0258381579029196,0.21849735721048,0.152435014918374,0.0607239714419477
"522",-0.0937681910444732,0.134374471893291,0.218664120318023,0.0695801336534271
"523",-0.155709013056212,0.18426013702135,0.178623157435015,0.037395557877506
"524",-0.108814738358563,0.189986353480535,0.148562785175828,0.113900034019666
"525",-0.111904159019407,0.174364348707213,0.170281719972445,0.0505273161825402
"526",-0.0898055992101107,0.151300851810193,0.195804757441709,0.0713831964182033
"527",-0.0810830457741077,0.191588535808684,0.104133512163511,0.0910161514923224
"528",-0.109387849598827,0.181316712175249,0.167128836812099,0.0863942754039461
"529",-0.111282876713264,0.181255416506315,0.178818338551027,0.012578188298534
"530",-0.0687325477915429,0.140650501122667,0.165985535150165,0.0365815945964716
"531",-0.13841254554416,0.159298225822003,0.193540294868921,0.0290921562283134
"532",-0.0969780846691573,0.238644551284908,0.161592431938565,0.0345360185855104
"533",-0.14330081900832,0.205290353351502,0.181163297584939,0.019390855093774
"534",-0.0866297021152269,0.18827784174081,0.157625022161502,0.0531146969498061
"535",-0.11882005687394,0.174173955342376,0.170291645995876,0.0706031979398468
"536",-0.124585889998389,0.177945293273877,0.154524467215927,0.0775605629036603
"537",-0.123826755863223,0.174359508724673,0.130093148601247,0.0912648495394883
"538",-0.0741614637088056,0.158681724788185,0.165616554974669,0.0364646155835285
"539",-0.107638407343299,0.206622088805484,0.178542555230182,0.0970182299795531
"540",-0.118943119184021,0.159823796809817,0.213944510104358,0.0537843726663307
"541",-0.118583824864687,0.241043177484359,0.174859964436434,0.0491168930920431
"542",-0.0792120644638361,0.164969529859341,0.192770317532905,0.061061514237606
"543",-0.105611822742407,0.195203824288146,0.18731883714144,0.0642980970963517
"544",-0.151391438070105,0.197260820057462,0.170328108786741,0.0917416739783116
"545",-0.0617687670426943,0.185011298727251,0.159914121814713,0.0472145594916905
"546",-0.111940370380321,0.154209297167948,0.167566816624346,0.0404706841915414
"547",-0.0723378777780153,0.173922985541154,0.193468322361017,0.0873566476802558
"548",-0.133931651148235,0.158576070284147,0.165011197731744,0.0777410185056451
"549",-0.094859161000314,0.165197917278289,0.196895783450217,0.0507363786085316
"550",-0.140162628234668,0.133962278740163,0.164641715104919,0.0255646264280849
"551",-0.105094315921406,0.176110535817749,0.181537899981026,0.0598408958305136
"552",-0.131224532891881,0.20773170950946,0.143240494232708,0.0590487745630374
"553",-0.0792100534636612,0.179323714405265,0.166902268451341,0.0578283404370035
"554",-0.112677949530297,0.197618846381487,0.157956206769637,0.060166352598049
"555",-0.13993852804545,0.177330948158517,0.161259217055416,0.0324328140932553
"556",-0.124582968525799,0.178468617852065,0.158617612333486,0.066382348535134
"557",-0.0830421762087384,0.167818411574541,0.184963342651438,0.0289321013856599
"558",-0.123382081827236,0.165449115147193,0.189032385261916,0.024494841014809
"559",-0.083717032239873,0.206942904867013,0.161788677550671,0.0420204420681545
"560",-0.0808455376707297,0.143333872698933,0.17525159590223,0.0520239537895804
"561",-0.0746095291915889,0.194803461997578,0.148880487418003,0.0705993420926345
"562",-0.0658078058212722,0.173546956338688,0.162018452832296,0.0368376865829222
"563",-0.0602633238497471,0.144770883672476,0.16041745983868,0.0878252362733915
"564",-0.0606860746847587,0.156465445800762,0.155042195786089,0.047866363460199
"565",-0.0881270118598054,0.184297786492549,0.202958962483472,0.0657148933505622
"566",-0.100772880711175,0.199617731232036,0.133408838115032,0.0387625804582361
"567",-0.101227714060438,0.178322480842899,0.166953884923789,0.0279003683120498
"568",-0.169654578218675,0.18517624910459,0.165840318831241,0.0455575930552197
"569",-0.0901310251845053,0.207105170457083,0.199735572790264,0.0225275494181976
"570",-0.118961935331977,0.179626327221322,0.172812714039539,0.0711141454265535
"571",-0.114532491087088,0.182058606105694,0.204508658002768,0.026152203547098
"572",-0.0507018382290377,0.170063531592077,0.147467967919834,0.0418403771998703
"573",-0.074858494802906,0.156111678041147,0.186307957144531,0.0647904405118399
"574",-0.115120450361674,0.188750108797533,0.123600883737168,-0.00256550883792119
"575",-0.0946002848829948,0.263404433449037,0.136412610066404,0.0275578548314308
"576",-0.0624673534725908,0.177611618484008,0.205574061363836,0.0581603677975493
"577",-0.10096257583927,0.163417000429779,0.143415344085999,0.0576572702342073
"578",-0.1377906694925,0.212765635449309,0.186623435357659,0.0457920982554789
"579",-0.0665792586528999,0.18003806797918,0.176260396686288,0.0487462199708459
"580",-0.0997859843479077,0.188467999864194,0.184978548478197,0.0464667162945606
"581",-0.0404747875434265,0.174551685455651,0.156990801473296,0.0595336488011346
"582",-0.118016866826694,0.198807927068745,0.15841976465973,0.0356615369224757
"583",-0.104104021857862,0.165969753803787,0.216080620722084,0.0558867541304454
"584",-0.086591592372046,0.211039694953993,0.203219325947789,0.0626438751155714
"585",-0.0743799508985009,0.194742411366704,0.164663214589084,0.0791818516690663
"586",-0.0643394237384434,0.129139602339098,0.151609275970232,0.0682677220117045
"587",-0.0963490781901701,0.210768901796771,0.187686093093257,0.0464679798716954
"588",-0.117361516281001,0.200504519320585,0.197891356608552,0.034296133880311
"589",-0.12122642019116,0.184404035594854,0.173404455042949,0.0376132753514138
"590",-0.0779276031894728,0.214787725189635,0.197791083465497,0.0263445226149791
"591",-0.0651503836320512,0.183481737333317,0.189774133765975,0.0463581456058106
"592",-0.0998550862057204,0.161878488820237,0.146264673684475,0.0886482484637676
"593",-0.11421479669921,0.194609871487628,0.15349292161929,0.0936147813129722
"594",-0.0766409502656989,0.172927970045717,0.178421634599982,0.0351463043130239
"595",-0.129519028697795,0.142096429944388,0.213266332312553,0.0430388914163629
"596",-0.0713622720665247,0.160671477002317,0.216842130518095,0.0140397009635168
"597",-0.100543819566109,0.206504861289989,0.174617420865062,0.0751944460490306
"598",-0.0909907070022941,0.174547810172563,0.170974164203251,0.0827558654060586
"599",-0.0572035596636023,0.168416596502548,0.186888872175236,0.0466412693970153
"600",-0.0919551491088891,0.216354117804124,0.171379010718894,0.0733450410653848
"601",-0.0431838506643443,0.208166180988337,0.14133330412415,0.0862862656414603
"602",-0.0890873095396559,0.1181704980771,0.151039801306173,0.0440983122245367
"603",-0.149303263966811,0.19063686713627,0.184155160681589,0.0289356574150976
"604",-0.0643494320721381,0.190196122391853,0.188756813736165,0.0797105811066621
"605",-0.118622200943075,0.224539351697872,0.183667206623267,0.0427424552251302
"606",-0.107909445358306,0.241069774026691,0.179954651714366,0.0657193785995957
"607",-0.0839127401568511,0.209675163209252,0.15613368938145,0.0821300751774585
"608",-0.0902030482869964,0.199261079585693,0.175473099460801,0.0729291854498402
"609",-0.0874139343869879,0.153501371459296,0.172692819320424,0.0873043498098671
"610",-0.134290404953229,0.159729939197595,0.166243676315013,0.0771256262675977
"611",-0.104876740999464,0.204247212823699,0.152504487947355,0.0689879144641324
"612",-0.0958028088303611,0.226996393005013,0.191554477362399,0.0658428650930817
"613",-0.102652622493209,0.177765400716932,0.16168808924475,0.0535710493224761
"614",-0.116841251148908,0.168238766365192,0.141479797187092,0.0417266413589941
"615",-0.117938761504545,0.181865755928763,0.15764989514576,0.0446409459185064
"616",-0.0717205683943204,0.199147185476293,0.194295577408198,0.0422069732611948
"617",-0.107136255234176,0.198048990068191,0.172528319097291,0.00853548877220433
"618",-0.05952736907038,0.22114658094225,0.174548407855638,0.0886123216432909
"619",-0.0672554473719079,0.166393213663329,0.173192613544568,0.0473077136712531
"620",-0.0761163562345861,0.157851942649766,0.183631908780433,0.0445929199253115
"621",-0.123887099640071,0.204507537028196,0.145704845797609,0.0315051032331066
"622",-0.0651343625575629,0.135807998932635,0.188955035785948,0.00839853116855207
"623",-0.12417858917066,0.188169391957688,0.164022875152105,0.0301610863111541
"624",-0.117900374403772,0.162286247873525,0.149475081503249,0.0785597612945746
"625",-0.0863279762812857,0.117710826474287,0.114894317421824,0.062476743693583
"626",-0.104849009650718,0.180453780186811,0.1584427717213,0.0104251514839081
"627",-0.0858102609802893,0.180734977896475,0.166762288111596,0.044738220315301
"628",-0.0870856634148196,0.185710835468666,0.131437836780275,0.0721715692265872
"629",-0.0767920038883921,0.206336606159014,0.172479860117284,0.0483312462942039
"630",-0.100683556920519,0.184966961491929,0.154635850957876,0.0800408613012548
"631",-0.0754014006422588,0.177915615754298,0.168848258612386,0.0515149000535805
"632",-0.101656996520383,0.212603383380908,0.148659959050033,0.0770197875291905
"633",-0.067248544634884,0.156771820471121,0.191353933366496,0.0345752954531494
"634",-0.115744177822587,0.21041781069008,0.185101410990325,0.0585760969129156
"635",-0.133657852424294,0.194535410197068,0.159111936807444,0.045300106369873
"636",-0.113136439123304,0.202635645919591,0.137579181778949,0.0367646207893736
"637",-0.101979374343628,0.180737225074457,0.199965170874764,0.067285258899628
"638",-0.0883966976504859,0.142572263150072,0.164030306129487,0.0785317316183694
"639",-0.0952079317512003,0.138190636111924,0.125391163936088,0.0482701952855263
"640",-0.0304056413253242,0.135636887255816,0.162457367128949,0.0871052362139419
"641",-0.0829576743331627,0.185744053704353,0.169148902006161,0.0519507445283411
"642",-0.109259195032648,0.19167751648702,0.200115796609461,0.0365780448229466
"643",-0.0891721813881588,0.154615460688757,0.140368850937374,0.0600522087369411
"644",-0.140634684379839,0.161732158031377,0.191366940359547,0.0926326193954798
"645",-0.130792790342111,0.209946054553777,0.16085745605685,0.046230970576915
"646",-0.0907910436468991,0.152468383074071,0.185044890214858,0.015435827639918
"647",-0.103080918269574,0.187262190914845,0.145050542175766,0.049752452559932
"648",-0.0887745884164615,0.196464087318505,0.180129094276908,0.113735847982953
"649",-0.0589487513198858,0.197457507126643,0.180449656740354,0.0626796517385221
"650",-0.0847476499087737,0.172410442496204,0.171850530205474,0.04392760926715
"651",-0.103403119338751,0.188265334406457,0.156801449507363,0.0627399521434961
"652",-0.0889781181567392,0.171024527457967,0.192202558049039,0.0162396280074061
"653",-0.0666920417379301,0.195622039106281,0.178298523750931,0.0936384528233688
"654",-0.110741445731791,0.158677839210373,0.181976457608902,0.0509276350670689
"655",-0.074731745778712,0.185202580236559,0.166757897949156,0.0825745106913691
"656",-0.112844639273923,0.194834321804306,0.150187968305507,0.0390722085061095
"657",-0.0792010931158605,0.160682943036953,0.149443266651108,0.100235027752699
"658",-0.109819264918448,0.14985531069833,0.180998632286474,0.0585459575151541
"659",-0.106116669577383,0.19893191172718,0.181072384902144,0.0816740208205522
"660",-0.133610141400259,0.137820352321171,0.128657528962003,0.0426217109781312
"661",-0.0852394486882441,0.197341181426916,0.200507233805627,0.0404879900530042
"662",-0.100892053056828,0.182752190639147,0.178639271165416,0.0539017658281247
"663",-0.10389923054473,0.201556378656143,0.19104359624441,0.106740873479937
"664",-0.132348006721109,0.154559473288253,0.223229959331594,0.0660484871549945
"665",-0.0895828613769794,0.184201837552573,0.142775842979745,0.0162678128136219
"666",-0.103231075867876,0.186271171929377,0.194701978973522,0.0776362400607575
"667",-0.0950705041620326,0.228816417794724,0.166913867909279,0.0476526906035339
"668",-0.0922833021089107,0.182159313228012,0.148017913997869,0.0331940668221391
"669",-0.100228167636017,0.221019301350875,0.139988577152889,0.0324762710661059
"670",-0.075802881176834,0.182853194433612,0.180073565412903,0.0641904152930933
"671",-0.0216795907366473,0.137733021108245,0.180875013833399,0.0796152153011985
"672",-0.094697000610044,0.175089775960504,0.161968937848106,0.0710595224806832
"673",-0.165718843768733,0.151219599456108,0.193440428864428,0.0411012716300954
"674",-0.0957796516739179,0.164417996406379,0.168463437253528,0.0628487771824785
"675",-0.0638954364198116,0.193214256014086,0.150192049716163,0.068639987111141
"676",-0.0926256318403946,0.138569187672311,0.113202669808009,0.0686470895352565
"677",-0.0723711958676786,0.165513909307367,0.163920696090907,0.0665574572341117
"678",-0.0814011831769336,0.208749455523708,0.185081894695319,0.0362712160054244
"679",-0.0625223157931162,0.187837751369091,0.143047782284558,0.0340182400364751
"680",-0.0880707475802798,0.197340657000644,0.184666119582067,0.0894084591855673
"681",-0.128504989902633,0.186002350331933,0.212509972447247,0.0806900307179139
"682",-0.121248545260427,0.197483961002857,0.1947270134147,0.059476342506295
"683",-0.078249695805088,0.229868502896475,0.183078955363452,0.0475689123889046
"684",-0.0975074073154241,0.178753985722095,0.196840384274466,0.0801771265517915
"685",-0.118830394982155,0.177475832578813,0.145792410923609,0.0282946186218933
"686",-0.0701115939349507,0.187438434291358,0.177322334643461,0.0814199126397324
"687",-0.115672130872477,0.172986566371548,0.184002395340003,0.066327543955656
"688",-0.0918021583043463,0.166873609310578,0.122384825180455,0.0661713554690502
"689",-0.0685227259877429,0.166360462225837,0.169015496272925,0.0357641503708976
"690",-0.172222351115756,0.200430522158181,0.204012578997072,0.0408725811410112
"691",-0.148020073522084,0.167081354176481,0.118194241952329,0.0670907558393576
"692",-0.125705202345581,0.131549500218897,0.154304582317688,0.0419908026640385
"693",-0.0868699496902714,0.197904783009196,0.191975441561926,0.0485453613057928
"694",-0.0754356766406732,0.143561826817042,0.119190950120094,0.0435206244514654
"695",-0.121881164450701,0.173246915130132,0.167608650042082,0.0469736049520603
"696",-0.120631692204978,0.21417113520916,0.140316213239111,0.040575106214476
"697",-0.0771057959887262,0.182759904795705,0.10137147081538,0.0659719806013857
"698",-0.0818820321773854,0.172230373294844,0.162033963239097,0.0260597871558069
"699",-0.0799110478579371,0.154820740720804,0.152882132899846,0.0355911445194179
"700",-0.0817330892170046,0.167445309287466,0.193559745554982,0.055996924596042
"701",-0.13424296739817,0.212119133438813,0.200082137247465,0.0480434992021749
"702",-0.10674710681748,0.190693154559663,0.172547795962617,0.106640107722849
"703",-0.0494568180575893,0.162354611572023,0.172064058864663,0.0409699858648943
"704",-0.171157538589315,0.199714693978897,0.172787140529087,0.0792904166542705
"705",-0.130090807033495,0.205142558069454,0.176583936976523,0.0324534947235364
"706",-0.105688095178793,0.156705023492744,0.115434942624018,0.0602445290427511
"707",-0.0992325581504271,0.155839007418009,0.120445277990719,0.0502549231848005
"708",-0.134139273758732,0.16854429332833,0.154857964613251,0.0826178521303362
"709",-0.132376575342828,0.232270211615467,0.185385469291162,0.0591284712237645
"710",-0.120850233866646,0.19300311954212,0.162816721254903,0.0278781304250949
"711",-0.126060682114934,0.165550734236871,0.180330664606339,0.0679323111047685
"712",-0.103416576537934,0.140269210885919,0.210078483838857,0.0293755832142224
"713",-0.161205096907352,0.181016399920637,0.159604426025631,0.0830394772907267
"714",-0.115649565966582,0.167095720187362,0.156273861076806,0.0520616273143675
"715",-0.0884599693839697,0.210098125042059,0.170520455938215,0.0602080191310809
"716",-0.0707709619177954,0.191903268116971,0.153280524858172,0.0425540510652854
"717",-0.122536632700099,0.169476780311856,0.179158718238245,0.0427793463535621
"718",-0.10909547279128,0.264052357885043,0.194112024173646,0.024833860732902
"719",-0.0915448707706474,0.148652147454627,0.156350395977802,0.0645389751400119
"720",-0.107324498641815,0.151415592979771,0.194939234639678,0.0598284435918601
"721",-0.111315552150254,0.177504899264883,0.139260867131827,0.0761063938489689
"722",-0.0735501027058734,0.214376698999495,0.143450756978762,0.0575486228106728
"723",-0.0674001690776454,0.172693328687247,0.173797886680706,0.0661486712122505
"724",-0.141302272156902,0.203018897532324,0.171099633542485,0.0411850995225362
"725",-0.0853669989396401,0.150898445740292,0.137093562566544,0.0740138834565778
"726",-0.0812343870508939,0.159861560213306,0.153636134439951,0.0508266408767536
"727",-0.0683913450657817,0.15523968632209,0.1811421624119,0.0352787487247288
"728",-0.0361208131767641,0.159536484357299,0.182877668443835,0.0535049319306289
"729",-0.057070010324086,0.186970682610709,0.152818263529441,0.0192016853024476
"730",-0.0749473456313439,0.219256705353141,0.203722800755377,0.092276222126067
"731",-0.113387167449388,0.221266843748689,0.18385412927154,0.0838226723357343
"732",-0.117548796862014,0.245472399820427,0.158388469587688,0.0274511200580331
"733",-0.0892534382204732,0.187618941872242,0.208106168269549,0.0675685447395309
"734",-0.144830290553317,0.177972595292876,0.134172038111522,0.033600349104502
"735",-0.106743038783796,0.160303608045948,0.183444823506269,0.102547076177591
"736",-0.0957647251420767,0.189192933841863,0.193759386844315,0.0623264035857083
"737",-0.14348135297764,0.187701909172349,0.131055610151758,0.0673414041702659
"738",-0.0969136169671207,0.202714266992171,0.161242323039221,0.0424041057612916
"739",-0.102961178406418,0.188966142247563,0.127854581051288,0.0280500110151016
"740",-0.0318356743724564,0.185608067486087,0.177246313679349,0.0620992251427772
"741",-0.0958722377581931,0.197282657762932,0.179097441256717,0.10436051655438
"742",-0.139998217750445,0.22173691306364,0.193401414335104,0.0451598023518838
"743",-0.121636723618194,0.20915157925103,0.163911323256641,0.0538788364975875
"744",-0.119593295408298,0.228883232060103,0.163038009523484,0.0737735350583514
"745",-0.105641230611996,0.113770757301181,0.201647522959967,0.0248371659757671
"746",-0.103492277897759,0.162774349538643,0.170605300600227,0.0340592323259953
"747",-0.112463467332472,0.190164977613679,0.189982436827861,0.0288975253803964
"748",-0.12079252282972,0.209748979151636,0.201135889974929,0.0417488406201441
"749",-0.123245914734849,0.192840942733632,0.163752734795011,0.0217208536358336
"750",-0.104531262479443,0.21564373131362,0.173605375861534,0.103279125786801
"751",-0.0921568169060317,0.16845253035485,0.171545153609054,0.028780047003638
"752",-0.0796550399687562,0.157547604887093,0.157424602054709,0.0804529341646498
"753",-0.108804890858317,0.173337754634116,0.16498160145129,0.0301504818662886
"754",-0.0905602056228404,0.176826778523268,0.168931935318205,0.039461440673
"755",-0.100923297843981,0.161287744229484,0.181489696054156,0.0767012528601396
"756",-0.155791024764483,0.200324426566246,0.167569424729258,0.0597876218095246
"757",-0.114051845437103,0.205500274629654,0.145096498675327,0.0521464148945422
"758",-0.10863698116336,0.148354028418424,0.186123635873176,0.0739935713429439
"759",-0.0835765181250116,0.197363613094577,0.177938591705901,0.078328616936145
"760",-0.112083315369094,0.189738939231861,0.137465737278672,0.0976575225761494
"761",-0.0491933897563049,0.169000181637826,0.182749726604957,0.0247436193812182
"762",-0.0803825497325191,0.227170260770975,0.186591347247971,0.0569235356480682
"763",-0.130329062450503,0.174193175878906,0.167835703248257,0.0577383589234159
"764",-0.111017065313208,0.178186428007295,0.169272586128373,0.0570401430631369
"765",-0.0707876086240589,0.207321046937379,0.164118064066254,0.0527013864328427
"766",-0.128241242240973,0.159901044945783,0.167946152339916,0.0471624421633621
"767",-0.130825558242671,0.19208323689344,0.132695390360229,0.058765624890842
"768",-0.119704861447513,0.173845985983963,0.148919221954271,0.0392361826515741
"769",-0.140967036671449,0.178599571417937,0.202637738237628,0.068920878604926
"770",-0.117305410957078,0.141290285726504,0.133151350375869,0.0577646637398659
"771",-0.0695352608599155,0.178032553129422,0.136271721618464,0.0637382352953158
"772",-0.100036502985881,0.166954450826688,0.220956714769833,0.0174875112259772
"773",-0.0856940836356619,0.139986774189992,0.107668275083974,0.0672798808653152
"774",-0.101979187390524,0.19465636193346,0.139244712033867,0.06400571385515
"775",-0.0895233477884291,0.149868715944489,0.173169769230344,0.0477788210539613
"776",-0.10598515761476,0.19861980619297,0.143847821496027,0.0647050682041709
"777",-0.131685996989717,0.135706313414686,0.144009444295664,0.033211968674716
"778",-0.0747028873562829,0.166137643242983,0.175912846363932,0.0483195228322928
"779",-0.0996155501121334,0.224542306557945,0.162592229424078,0.0604027340067935
"780",-0.112140939426843,0.185356628773604,0.167330591771084,0.0268019304145232
"781",-0.0749835500639977,0.205854859337844,0.134000514881361,0.0666552158714448
"782",-0.135482801808987,0.213045555151938,0.16456528972061,0.064987156544188
"783",-0.0921962820586526,0.188707476615349,0.12920122245114,0.0124097878462356
"784",-0.14511876596114,0.190951787136074,0.186757569981871,0.029847936762232
"785",-0.0615144943249512,0.176116055680683,0.163669616466991,0.0295436297377328
"786",-0.0677480705023807,0.170317323261296,0.176611756057801,0.0399843205738977
"787",-0.0480601282121379,0.195764656006752,0.160299874086281,0.0811102331579171
"788",-0.0837316023772735,0.161087581695144,0.219891254578411,0.0537125866046279
"789",-0.0684830456851336,0.170764432788965,0.181096541344541,0.00522736056700472
"790",-0.105146640754594,0.192246446223649,0.168359032857765,0.0540275516791789
"791",-0.100346150018671,0.188993321391725,0.20214134364665,0.047867919990397
"792",-0.0916015628417001,0.165616123244263,0.164060170309484,0.0538735373426345
"793",-0.0827696300782389,0.188694607179321,0.230120469796732,0.0443108347951396
"794",-0.0482833067635348,0.194835608102408,0.180335573105173,0.0316288363438333
"795",-0.122481176524602,0.164795330069286,0.140424461304911,0.0678257613248167
"796",-0.123707468069827,0.197493450584131,0.148474263460753,0.0496115071913604
"797",-0.118425532728466,0.141305390948825,0.210722997092938,0.0618246292983195
"798",-0.0863873600433951,0.153897270782075,0.176039034321069,0.0759471655074793
"799",-0.123550792060579,0.172931871734288,0.165028408192392,0.0710643113331737
"800",-0.0969959030864427,0.202838884002826,0.183846880784889,0.0589085196644476
"801",-0.0504621034052667,0.172305915236915,0.182007650977421,0.0685258701052961
"802",-0.127261881748479,0.223776697524963,0.208559774005431,0.0228596556912238
"803",-0.137277585404715,0.191784441101265,0.129238529305364,0.0109967324357759
"804",-0.0919681997969159,0.19595061029893,0.179472788939587,0.0718093631979955
"805",-0.11588021256623,0.215050538693657,0.19024643414994,0.0761481583891565
"806",-0.109006335528131,0.184021122659469,0.199140954764244,0.0257053040465677
"807",-0.099789467806407,0.161857107818479,0.184941063967344,0.0545611064496055
"808",-0.150069653217559,0.17494622228757,0.201047843332877,0.0481245235483603
"809",-0.0818533624226784,0.188712164981689,0.209465478649858,0.0456181614257425
"810",-0.087705725744297,0.238707296285459,0.108392302795164,0.0801643586978746
"811",-0.0780651534344708,0.175779371256766,0.143680301258162,0.0796811535279204
"812",-0.0742709460109539,0.195854553127302,0.158072974767396,0.0852936872547135
"813",-0.0474081309512327,0.189897008633281,0.164085614473379,0.0382464021321332
"814",-0.0782109204835164,0.169767379818863,0.193329320913978,0.0743034555702558
"815",-0.109371299794872,0.172532803740907,0.165331195029187,0.098354384617255
"816",-0.0700806262934443,0.163177605362731,0.150084475151369,0.0434947626125767
"817",-0.145844655091285,0.204444895334764,0.196491474577889,0.0130823680371505
"818",-0.105559739394388,0.18198160733609,0.127687387466737,0.0610697609844492
"819",-0.0897442729031478,0.194388061389673,0.158185664135926,0.0535739422241376
"820",-0.0926316119374888,0.204970919544494,0.152845698116213,0.0373096003202139
"821",-0.114385973215884,0.137799095241549,0.148591149920835,0.0241219959380597
"822",-0.0569752912045739,0.166730784116318,0.157901957608457,0.0556306934253139
"823",-0.0781258313290362,0.212148207513029,0.177374593191248,0.0407354375389435
"824",-0.0967873580180671,0.187228135696507,0.167331152250707,0.0708434075572135
"825",-0.114751768050983,0.188850647744191,0.145625076449515,0.0559864965230135
"826",-0.0521768034570301,0.224588963564203,0.155412882586048,0.0571659197293476
"827",-0.0909612403242066,0.237519009792772,0.211789037915444,0.0335406816247396
"828",-0.0820622797571041,0.183204339999322,0.179920482409531,0.0491456523528431
"829",-0.0929545131023845,0.222162083485699,0.166213633284157,0.0816916389632297
"830",-0.091770839474816,0.190660410496569,0.117380842619601,0.0679910127800144
"831",-0.103399900684964,0.175960595183228,0.202161963185439,0.0595872164302324
"832",-0.111066779701592,0.187801815798177,0.160739942998658,0.0690630075336068
"833",-0.0903176169203071,0.184296435297796,0.170540199380816,0.053059158273633
"834",-0.065444101019343,0.19714554655909,0.17835387742323,0.0387852468995161
"835",-0.13362315487992,0.204180591938795,0.211367417726255,0.0101671530258072
"836",-0.111578466457367,0.188144946697381,0.193965541802024,0.0450422649132203
"837",-0.109683597767521,0.166023249299656,0.18325822972335,0.0468707839930556
"838",-0.0943374734936621,0.172559164196278,0.174264074353517,0.0735853571979479
"839",-0.083170183537688,0.23235607499319,0.189938327285123,0.0419739798196123
"840",-0.0460844946189544,0.167141349914156,0.198344306607967,0.0401951740389463
"841",-0.0633034528042439,0.169462833024354,0.14167116679831,0.047674193445163
"842",-0.0956932457887905,0.198124837689573,0.185571662415221,0.00860597377094724
"843",-0.143494487692065,0.222944134790979,0.170158270131111,0.0545367998215024
"844",-0.137489646988454,0.19664343440064,0.161925744089153,0.0541273341871987
"845",-0.0621972203316057,0.156221080762025,0.151636061056267,0.0823299548824821
"846",-0.105626410653934,0.134017359830862,0.192730221639323,0.0481839178494232
"847",-0.118936907589071,0.21123578284783,0.146755075769109,0.0456929630050254
"848",-0.0657714677247505,0.197927411185327,0.1616910238314,0.054220208739324
"849",-0.0692309937088086,0.190444901973843,0.122365662023561,0.0525228412970463
"850",-0.127557094105874,0.171986616003908,0.160571059060741,0.0564560298901957
"851",-0.080239011448878,0.182385951209011,0.136492598068292,0.0859008575650777
"852",-0.120129425139744,0.1495178940027,0.15961170988836,0.0479721515235153
"853",-0.10327949148771,0.165585257076084,0.141996745940412,0.0721243990909933
"854",-0.102969085491297,0.170177964946848,0.149585924258901,0.0579296829326512
"855",-0.107007519176308,0.216099293443359,0.154635710463715,0.0129656698479046
"856",-0.111377058333296,0.154479393834288,0.128233627449781,0.0291065291436402
"857",-0.0913535792329302,0.186630964440642,0.182543792565538,0.0975822516061506
"858",-0.0750701062887407,0.158519092668888,0.181736670796384,0.061124951936113
"859",-0.0734662216246678,0.161965206748006,0.107079935876805,0.0408877365296621
"860",-0.100579765712057,0.176404666254891,0.201860862950572,0.0923641710728327
"861",-0.0944824097737209,0.19920980121972,0.197838075591195,0.0155943514456671
"862",-0.107407637242713,0.148115387143965,0.209683203458494,0.0580537402827576
"863",-0.10015223863484,0.245497355699658,0.165963601054273,0.0589895237720797
"864",-0.130807696772615,0.175502440792055,0.174543486488601,0.0330384258719435
"865",-0.121850238974105,0.219873915415261,0.165169369102544,0.052661511807303
"866",-0.0746225880828865,0.186475615108431,0.215109638808552,0.0890656729865625
"867",-0.0503533716124733,0.218921117905086,0.162377396497248,0.0830161897049148
"868",-0.0884090622290533,0.165619239139856,0.176928853270378,0.0534376233276361
"869",-0.118811163625847,0.2314089596107,0.199142907642255,0.064206641190579
"870",-0.068238124253421,0.172642138717666,0.172590545860195,0.048026893151327
"871",-0.130115259135647,0.158736691968577,0.199578621429319,0.0542776760010635
"872",-0.098185335032253,0.231765145854982,0.154714291176115,0.0658861014750459
"873",-0.169926551956642,0.187184357647507,0.189622731338352,0.0689027159048188
"874",-0.0826869974505508,0.171307644802074,0.146969068732939,0.0643726985553216
"875",-0.0819980499617832,0.154029625165029,0.13333183097417,0.0597797728096975
"876",-0.145636391982408,0.172828726258133,0.227786523740536,0.0370446004489081
"877",-0.11061308446188,0.140883409966283,0.144431508772698,0.0715635341370569
"878",-0.117333261908745,0.195844603932195,0.160803586787455,0.0525256122994241
"879",-0.106288432204199,0.20160317391682,0.195696528143222,0.0547603235868787
"880",-0.0824077946443184,0.230982672289903,0.197394840618652,0.0657518887147913
"881",-0.100997084352269,0.219889096187022,0.141245430029642,0.0534205056734203
"882",-0.104774890817728,0.159167580796909,0.201522208450076,0.0513722921859448
"883",-0.0878586606513287,0.179146512359526,0.18554708483731,0.0751328533918712
"884",-0.0781973014353551,0.164427362914582,0.150602383571462,0.0715352216824687
"885",-0.0954495257774036,0.221252219515066,0.176986845208782,0.00319183293355145
"886",-0.0788172149746125,0.176143879978234,0.176824361833954,0.0850515942387869
"887",-0.130586007235862,0.208218453644865,0.146037244238131,0.0979977337750314
"888",-0.104496053922973,0.214828806666811,0.211168670554274,0.0453203819595237
"889",-0.0923421119136103,0.19199303098878,0.170516408587205,0.0846131996961603
"890",-0.0620618837863959,0.196969102976774,0.20761246109676,0.0375181183812198
"891",-0.0839287418455461,0.150155210465641,0.160431543288967,0.0534098742586688
"892",-0.0657299010221145,0.193536220154066,0.18131844590208,0.0628993464493518
"893",-0.0748154067488397,0.172870379201398,0.134164409845814,0.0672703868370627
"894",-0.083045728757646,0.197070468420203,0.153999530006539,0.0570201976777978
"895",-0.0354410557947711,0.202857272813094,0.135466449813115,0.0640877815621945
"896",-0.0962768636108209,0.151562081359969,0.184023783207678,0.0625373327894192
"897",-0.0713214054459571,0.207575915774063,0.169452875988699,0.0630451229891996
"898",-0.113594545161614,0.232623279317158,0.181600259953794,0.0971624733335568
"899",-0.125557419696989,0.158883268993842,0.16697776783918,0.0436151224152775
"900",-0.086368092235044,0.20200346658126,0.155310527967943,0.102193838543255
"901",-0.0817777446369183,0.157370842299593,0.167247286463344,0.0537808720439409
"902",-0.0684649745167399,0.195119056288606,0.187102359579296,0.0809536096980099
"903",-0.117048138879087,0.199182054972268,0.180669209237783,0.0664473650911061
"904",-0.16069205377156,0.170344328313473,0.158844204807654,0.0221948182074645
"905",-0.104973010011818,0.204927175610821,0.18826208503196,0.0272018439073223
"906",-0.0844250917914445,0.236776845503564,0.17177377883256,0.0539591390205188
"907",-0.0862477888350557,0.184756143512556,0.175605999362949,0.0613303272270372
"908",-0.119603575620614,0.172293238411618,0.196469662358026,0.0321017922916546
"909",-0.0699483752550379,0.223348399736448,0.209641180402349,0.0261609902157733
"910",-0.0622769041384537,0.202721762072116,0.144888262012677,0.0471814223984772
"911",-0.0921049210215851,0.238325209005052,0.191978985438089,0.0661748743621775
"912",-0.0589534367392558,0.156738590305671,0.190632091859533,0.0851856334893553
"913",-0.117350126466706,0.153732103633778,0.158721966498937,0.1100279968935
"914",-0.132336614405165,0.174760699747478,0.186463015608994,0.0332818443989862
"915",-0.102159927465629,0.202241319964812,0.168519363037269,0.029772388371892
"916",-0.0744834728153354,0.216819608320022,0.150725569727973,0.052488058849426
"917",-0.0885114819135635,0.174424857538871,0.159923602667545,0.0769480993686874
"918",-0.110023396891259,0.185520573546258,0.158405433592937,0.0522224599794401
"919",-0.0719813498839672,0.186519310207851,0.151488770833491,0.0560926418040954
"920",-0.0822145888858107,0.207640785603149,0.197499548911043,0.0669508204596062
"921",-0.0708346682683834,0.178925096456736,0.17828634502146,0.0467025448950141
"922",-0.0687811608584138,0.190146371005807,0.194841567935197,0.0319787463285878
"923",-0.0755791144428773,0.187780381026371,0.15248752523269,0.0258918919457298
"924",-0.133605534839699,0.189181089922774,0.174058690373227,0.0456992839480166
"925",-0.0927757005683023,0.166942493547112,0.123438002722455,0.0987122328865614
"926",-0.0409375773350242,0.16728210938797,0.178457028305287,0.0550223639664068
"927",-0.123667467715201,0.186997874562081,0.173216017687049,0.0486007738749618
"928",-0.112379822189526,0.220196212834505,0.149754252662149,0.0551008309485695
"929",-0.0786250710619151,0.243471492947906,0.118681168128299,0.0905250156770848
"930",-0.0767808237042169,0.188987632621329,0.138296770636283,0.0430154030484449
"931",-0.0736852940796863,0.152199267371424,0.188883237194307,0.0333475017215128
"932",-0.0853404367365958,0.179555518536221,0.168437533374224,0.0879410258823113
"933",-0.106547295856736,0.21235780433604,0.148582641643419,0.0858596066255088
"934",-0.0743194857326517,0.224414023146879,0.168700002934589,0.0638012624659525
"935",-0.146351609321103,0.187601071712198,0.181690148720001,0.0434051128883106
"936",-0.0221984128073589,0.212738710727799,0.163928408748725,0.075601917578011
"937",-0.0289790032379152,0.142055967103307,0.164815480681875,0.0793353780777424
"938",-0.0936939357121575,0.205048581162836,0.172168441537275,0.0537913800381249
"939",-0.0901354390496686,0.182997324203559,0.18002487292587,0.054034765684089
"940",-0.0898167017104464,0.244134905372482,0.159970633357559,0.0654178879351272
"941",-0.0831954109388506,0.201689674662666,0.129605686887168,0.0610589592985557
"942",-0.0965777772616426,0.208592934838688,0.137660719345344,0.0809991569046811
"943",-0.101458971834803,0.188232111102059,0.221484315169192,0.0656930469480743
"944",-0.0573759314317126,0.202891471552857,0.182797591352253,0.0879035162251806
"945",-0.0444334118354299,0.172456410182931,0.211031113172009,0.0695384258785361
"946",-0.103144268180209,0.214772551370682,0.157095870480418,0.0727817503861775
"947",-0.112578734386045,0.216172402801751,0.19465255195657,0.0270897895235506
"948",-0.110528649028042,0.192016684236241,0.193014629936192,0.0426610863293253
"949",-0.0766980212324629,0.209141849018299,0.147369345978179,0.025848828316132
"950",-0.0958709879090371,0.170011140564063,0.193021173904945,0.0619989773730624
"951",-0.0942763743457599,0.212670390565072,0.169500338695961,0.0322867609213419
"952",-0.0766757064498706,0.186116478171518,0.195759743759993,0.0673281015089111
"953",-0.0821152480561141,0.197449410418396,0.175441312118309,0.0492297871101423
"954",-0.0557397776758685,0.166955421613486,0.19055460787885,0.0683270344337912
"955",-0.0627399893147377,0.16928872587807,0.143765309612061,0.0517808143292257
"956",-0.091455582431675,0.175866193850965,0.13531900278994,0.0694348014631201
"957",-0.110664207004891,0.206914683156206,0.188784364953157,0.0689508407546571
"958",-0.133402758501,0.158304931665402,0.189466979300055,0.0637046611970592
"959",-0.122685675412413,0.210551377404427,0.18167786072412,0.0741650293777725
"960",-0.0758665424322734,0.177553686825573,0.179853538516095,0.0366794700241119
"961",-0.101505267289696,0.179417707981784,0.171285479680201,0.0643440999982013
"962",-0.0921698707662932,0.168624906601589,0.182058982437185,0.0665010330924136
"963",-0.12206646965074,0.206633734469007,0.195677032739619,0.015690188423032
"964",-0.0609891206033551,0.185638380213007,0.13996149626144,0.0557190718057534
"965",-0.103033914677737,0.145395721241925,0.149482639956905,0.0608879124056962
"966",-0.121236238568871,0.215481211471525,0.191919416046231,0.0264323794095537
"967",-0.0590361725884459,0.225540826264055,0.17854725198245,0.0577250236802223
"968",-0.0920689987979503,0.231589423227627,0.188152188533322,0.0412994084470122
"969",-0.0756127531925144,0.170328174431844,0.155612914937665,0.0439863260124744
"970",-0.0818356553827382,0.228717055064154,0.151354685494025,0.00817783320259794
"971",-0.0496222403340966,0.189857623633608,0.134867309752419,0.0713443259677573
"972",-0.116985128131699,0.180357870843289,0.165196479853921,0.0696656093985799
"973",-0.0816610640319271,0.165080121759598,0.167158310068449,0.0528215648069492
"974",-0.0863639600174074,0.172782699718641,0.159466970545415,0.0571448553403956
"975",-0.133071391228246,0.189639494280989,0.190326662744286,0.0751907867342457
"976",-0.0690760679802197,0.228934848695401,0.163302992594576,0.0560805802236608
"977",-0.0908624001870112,0.158096898826554,0.180939109288084,0.0573392212863498
"978",-0.0853257817277596,0.134860670862535,0.151282398445403,0.0592398058596309
"979",-0.0769311976808258,0.147052246763899,0.15498483577861,0.0290628606872289
"980",-0.0889739222827566,0.238388686247883,0.206522374803579,0.0770258375354052
"981",-0.109333442786097,0.180330757612773,0.186868726736172,0.0431164622236379
"982",-0.0825275606243601,0.1965909993034,0.190549668923412,0.0441122007137075
"983",-0.0912226665697617,0.202874368084801,0.199944336062884,0.0834431574100815
"984",-0.0978674707868085,0.201834383002429,0.203229179211034,0.0294773211455797
"985",-0.0756274031055543,0.196339616099907,0.132833563478696,0.0925844230514426
"986",-0.0624316569849746,0.191929849948593,0.122613206910874,0.126933651812631
"987",-0.0622527701351206,0.168333395851778,0.174814933170709,0.0815728837633085
"988",-0.120168537547496,0.155107979393658,0.120424218310605,0.0631661727970445
"989",-0.0927101569264602,0.238385150386782,0.159826251480049,0.0428998634735779
"990",-0.128197002916633,0.197981563094729,0.175242427637622,0.0438713515229412
"991",-0.133229353611792,0.163324034388828,0.144703078052736,0.0696701797571645
"992",-0.103892040689399,0.115013171828116,0.155399436933879,0.0840095273828341
"993",-0.0675960392601553,0.192640883719568,0.19414552812049,0.0712893297587743
"994",-0.0911092897726752,0.230252876563607,0.148829796451689,0.0444231084082882
"995",-0.161313110450204,0.17108337733425,0.0981139229603581,0.0592196550685639
"996",-0.110700807711486,0.201000307996451,0.179185221685662,0.0605763901780434
"997",-0.0473366701272812,0.168332335258471,0.14608750529254,0.0842410293016728
"998",-0.146553701661896,0.180696510157729,0.155661988883892,0.0361453045520686
"999",-0.0671632405386548,0.160272996865918,0.181455069305396,0.0617593237715294
"1000",-0.0680965325939431,0.179124051916119,0.14333764697443,0.050533807761653
